date,open,high,low,close,adjusted close,volume,dividend amount,split coefficient,ticker
2018-12-13,2.21,2.23,2.21,2.21,2.21,694998.0,0.0,1.0,VVR
2018-12-12,2.22,2.235,2.21,2.22,2.22,2225168.0,0.0,1.0,VVR
2018-12-11,2.25,2.25,2.22,2.24,2.24,2252500.0,0.0,1.0,VVR
2018-12-10,2.22,2.26,2.22,2.24,2.24,1953927.0,0.0,1.0,VVR
2018-12-09,2.2,2.25,2.2,2.23,2.23,1715025.0,0.0,1.0,VVR
2018-12-06,2.16,2.23,2.16,2.21,2.21,1490674.0,0.0,1.0,VVR
2018-12-05,2.1,2.18,2.09,2.17,2.17,1659524.0,0.0,1.0,VVR
2018-12-04,2.1,2.135,2.09,2.11,2.11,4494780.0,0.0,1.0,VVR
2018-12-03,2.12,2.13,2.1,2.1,2.1,939866.0,0.0,1.0,VVR
2018-12-02,2.09,2.11,2.08,2.11,2.11,1247823.0,0.0,1.0,VVR
2018-11-29,2.15,2.16,2.07,2.07,2.07,4764139.0,0.0,1.0,VVR
2018-11-28,2.14,2.16,2.14,2.15,2.15,794433.0,0.0,1.0,VVR
2018-11-27,2.16,2.16,2.15,2.16,2.16,780823.0,0.0,1.0,VVR
2018-11-26,2.16,2.16,2.15,2.15,2.15,2495839.0,0.0,1.0,VVR
2018-11-25,2.16,2.16,2.15,2.15,2.15,1372266.0,0.0,1.0,VVR
2018-11-22,2.16,2.18,2.14,2.17,2.17,938588.0,0.0,1.0,VVR
2018-11-21,2.14,2.17,2.14,2.15,2.15,1223776.0,0.0,1.0,VVR
2018-11-20,2.15,2.165,2.14,2.16,2.16,10852000.0,0.0,1.0,VVR
2018-11-19,2.16,2.17,2.14,2.15,2.15,2795977.0,0.0,1.0,VVR
2018-11-18,2.17,2.17,2.15,2.16,2.16,1625970.0,0.0,1.0,VVR
2018-11-15,2.2,2.21,2.17,2.17,2.17,834240.0,0.0,1.0,VVR
2018-11-14,2.17,2.21,2.17,2.2,2.2,886266.0,0.0,1.0,VVR
2018-11-13,2.22,2.24,2.18,2.18,2.18,1587817.0,0.0,1.0,VVR
2018-11-12,2.22,2.23,2.2,2.2,2.2,954979.0,0.0,1.0,VVR
2018-11-11,2.22,2.24,2.21,2.22,2.22,1307133.0,0.0,1.0,VVR
2018-11-08,2.21,2.22,2.19,2.22,2.22,1034528.0,0.0,1.0,VVR
2018-11-07,2.19,2.215,2.185,2.2,2.2,1153154.0,0.0,1.0,VVR
2018-11-06,2.16,2.21,2.16,2.2,2.2,1394631.0,0.0,1.0,VVR
2018-11-05,2.13,2.15,2.13,2.15,2.15,737837.0,0.0,1.0,VVR
2018-11-04,2.14,2.14,2.11,2.12,2.12,941863.0,0.0,1.0,VVR
2018-11-01,2.16,2.16,2.12,2.13,2.13,1263274.0,0.0,1.0,VVR
2018-10-31,2.17,2.19,2.15,2.16,2.16,2265932.0,0.0,1.0,VVR
2018-10-30,2.18,2.205,2.17,2.18,2.18,1496240.0,0.0,1.0,VVR
2018-10-29,2.15,2.18,2.14,2.17,2.17,2186190.0,0.0,1.0,VVR
2018-10-28,2.15,2.175,2.15,2.16,2.16,986622.0,0.0,1.0,VVR
2018-10-25,2.15,2.165,2.14,2.15,2.15,1042218.0,0.0,1.0,VVR
2018-10-24,2.12,2.16,2.11,2.15,2.15,1397673.0,0.0,1.0,VVR
2018-10-23,2.15,2.17,2.13,2.13,2.13,978869.0,0.0,1.0,VVR
2018-10-22,2.18,2.19,2.14,2.15,2.15,733571.0,0.0,1.0,VVR
2018-10-21,2.18,2.19,2.16,2.16,2.16,752657.0,0.0,1.0,VVR
2018-10-18,2.17,2.18,2.15,2.17,2.17,761747.0,0.0,1.0,VVR
2018-10-17,2.16,2.17,2.13,2.17,2.17,1409606.0,0.0,1.0,VVR
2018-10-16,2.12,2.16,2.11,2.16,2.16,1126051.0,0.0,1.0,VVR
2018-10-15,2.12,2.13,2.1,2.11,2.11,548787.0,0.0,1.0,VVR
2018-10-14,2.11,2.14,2.085,2.13,2.13,970292.0,0.0,1.0,VVR
2018-10-11,2.14,2.14,2.09,2.11,2.11,1428503.0,0.0,1.0,VVR
2018-10-10,2.18,2.18,2.14,2.14,2.14,1426587.0,0.0,1.0,VVR
2018-10-09,2.19,2.195,2.18,2.19,2.19,704106.0,0.0,1.0,VVR
2018-10-08,2.18,2.19,2.165,2.19,2.19,740685.0,0.0,1.0,VVR
2018-10-07,2.21,2.21,2.185,2.2,2.2,576651.0,0.0,1.0,VVR
2018-10-05,2.2,2.21,2.19,2.21,2.21,1053394.0,0.0,1.0,VVR
2018-10-04,2.21,2.22,2.2,2.2,2.2,1439001.0,0.0,1.0,VVR
2018-10-03,2.2,2.23,2.2,2.22,2.22,1133727.0,0.0,1.0,VVR
2018-10-02,2.2,2.21,2.18,2.18,2.18,970928.0,0.0,1.0,VVR
2018-10-01,2.2,2.22,2.19,2.2,2.2,247636.0,0.0,1.0,VVR
2018-09-28,2.21,2.23,2.2,2.2,2.2,975363.0,0.0,1.0,VVR
2018-09-27,2.2,2.21,2.18,2.2,2.2,960579.0,0.0,1.0,VVR
2018-09-26,2.2,2.21,2.18,2.2,2.2,1184041.0,0.0,1.0,VVR
2018-09-25,2.19,2.2,2.165,2.2,2.2,1183200.0,0.0,1.0,VVR
2018-09-24,2.19,2.2,2.145,2.2,2.2,1766400.0,0.0,1.0,VVR
2018-09-21,2.21,2.21,2.19,2.2,2.2,1820077.0,0.0,1.0,VVR
2018-09-20,2.2,2.22,2.185,2.2,2.2,1622324.0,0.0,1.0,VVR
2018-09-19,2.26,2.26,2.22,2.22,2.22,1362130.0,0.0,1.0,VVR
2018-09-18,2.23,2.27,2.22,2.26,2.26,855420.0,0.0,1.0,VVR
2018-09-17,2.24,2.25,2.215,2.23,2.23,790355.0,0.0,1.0,VVR
2018-09-14,2.23,2.25,2.22,2.25,2.25,717986.0,0.0,1.0,VVR
2018-09-13,2.22,2.24,2.21,2.23,2.23,723921.0,0.0,1.0,VVR
2018-09-12,2.24,2.25,2.21,2.21,2.21,995876.0,0.0,1.0,VVR
2018-09-11,2.2,2.27,2.2,2.25,2.25,1176964.0,0.0,1.0,VVR
2018-09-10,2.19,2.235,2.19,2.21,2.21,1376918.0,0.0,1.0,VVR
2018-09-07,2.18,2.2,2.175,2.19,2.19,650451.0,0.0,1.0,VVR
2018-09-06,2.19,2.2,2.18,2.19,2.19,961347.0,0.0,1.0,VVR
2018-09-05,2.19,2.2,2.18,2.18,2.18,1031504.0,0.0,1.0,VVR
2018-09-04,2.17,2.19,2.16,2.19,2.19,941242.0,0.0,1.0,VVR
2018-09-03,2.17,2.17,2.16,2.16,2.16,577785.0,0.0,1.0,VVR
2018-08-31,2.19,2.2,2.16,2.16,2.16,1299162.0,0.0,1.0,VVR
2018-08-30,2.19,2.2,2.18,2.19,2.19,484957.0,0.0,1.0,VVR
2018-08-29,2.17,2.19,2.16,2.18,2.18,1432972.0,0.0,1.0,VVR
2018-08-28,2.15,2.17,2.14,2.16,2.16,1065099.0,0.0,1.0,VVR
2018-08-27,2.15,2.16,2.13,2.14,2.14,1005670.0,0.0,1.0,VVR
2018-08-24,2.14,2.15,2.13,2.14,2.14,995154.0,0.0,1.0,VVR
2018-08-23,2.16,2.17,2.12,2.12,2.12,1024858.0,0.0,1.0,VVR
2018-08-22,2.15,2.16,2.145,2.16,2.16,1174706.0,0.0,1.0,VVR
2018-08-21,2.17,2.18,2.15,2.15,2.15,752923.0,0.0,1.0,VVR
2018-08-20,2.16,2.18,2.16,2.16,2.16,1313092.0,0.0,1.0,VVR
2018-08-17,2.12,2.16,2.12,2.15,2.15,714216.0,0.0,1.0,VVR
2018-08-16,2.13,2.14,2.125,2.13,2.13,966141.0,0.0,1.0,VVR
2018-08-15,2.13,2.14,2.13,2.13,2.13,902738.0,0.0,1.0,VVR
2018-08-14,2.14,2.14,2.12,2.14,2.14,1114005.0,0.0,1.0,VVR
2018-08-13,2.15,2.15,2.12,2.13,2.13,1425302.0,0.0,1.0,VVR
2018-08-10,2.17,2.17,2.15,2.16,2.16,1060283.0,0.0,1.0,VVR
2018-08-09,2.17,2.175,2.16,2.17,2.17,1202805.0,0.0,1.0,VVR
2018-08-08,2.18,2.19,2.17,2.18,2.18,1058454.0,0.0,1.0,VVR
2018-08-07,2.18,2.195,2.18,2.18,2.18,1202080.0,0.0,1.0,VVR
2018-08-06,2.18,2.19,2.17,2.19,2.19,454332.0,0.0,1.0,VVR
2018-08-03,2.18,2.19,2.16,2.17,2.17,1017411.0,0.0,1.0,VVR
2018-08-02,2.2,2.2,2.15,2.17,2.17,638117.0,0.0,1.0,VVR
2018-08-01,2.19,2.19,2.17,2.18,2.18,839358.0,0.0,1.0,VVR
2018-07-31,2.17,2.18,2.15,2.18,2.18,1444761.0,0.0,1.0,VVR
2018-07-30,2.15,2.16,2.14,2.15,2.15,733849.0,0.0,1.0,VVR
2018-07-27,2.14,2.17,2.14,2.14,2.14,2632453.0,0.0,1.0,VVR
2018-07-26,2.13,2.15,2.12,2.14,2.14,1603492.0,0.0,1.0,VVR
2018-07-25,2.14,2.15,2.13,2.14,2.14,1546705.0,0.0,1.0,VVR
2018-07-24,2.15,2.15,2.13,2.13,2.13,1274090.0,0.0,1.0,VVR
2018-07-23,2.21,2.21,2.19,2.19,2.1201,1239045.0,0.0,1.0,VVR
2018-07-20,2.21,2.22,2.19,2.2,2.1298,618108.0,0.0,1.0,VVR
2018-07-19,2.21,2.22,2.19,2.2,2.1298,2130773.0,0.0,1.0,VVR
2018-07-18,2.2,2.22,2.2,2.21,2.1395,734170.0,0.0,1.0,VVR
2018-07-17,2.22,2.22,2.19,2.2,2.1298,1384322.0,0.0,1.0,VVR
2018-07-16,2.2,2.215,2.19,2.2,2.1298,928280.0,0.0,1.0,VVR
2018-07-13,2.22,2.22,2.185,2.2,2.1298,1042711.0,0.0,1.0,VVR
2018-07-12,2.21,2.225,2.2,2.21,2.1395,942723.0,0.0,1.0,VVR
2018-07-11,2.21,2.22,2.19,2.2,2.1298,833339.0,0.0,1.0,VVR
2018-07-10,2.22,2.23,2.195,2.2,2.1298,1207485.0,0.0,1.0,VVR
2018-07-09,2.21,2.22,2.2,2.22,2.1491,1522922.0,0.0,1.0,VVR
2018-07-06,2.21,2.215,2.2,2.21,2.1395,1240251.0,0.0,1.0,VVR
2018-07-05,2.22,2.225,2.2,2.21,2.1395,1406121.0,0.0,1.0,VVR
2018-07-04,2.25,2.25,2.19,2.22,2.1491,1861201.0,0.0,1.0,VVR
2018-07-03,2.26,2.26,2.235,2.24,2.1685,1123075.0,0.0,1.0,VVR
2018-07-02,2.26,2.27,2.25,2.26,2.1879,1616651.0,0.0,1.0,VVR
2018-06-29,2.24,2.26,2.23,2.25,2.1782,3296459.0,0.0,1.0,VVR
2018-06-28,2.22,2.24,2.2,2.24,2.1685,1322097.0,0.0,1.0,VVR
2018-06-27,2.22,2.23,2.18,2.22,2.1491,1640934.0,0.0,1.0,VVR
2018-06-26,2.23,2.24,2.2,2.24,2.1685,2792601.0,0.0,1.0,VVR
2018-06-25,2.19,2.24,2.18,2.22,2.1491,1813870.0,0.0,1.0,VVR
2018-06-22,2.18,2.2,2.17,2.18,2.1104,1390071.0,0.0,1.0,VVR
2018-06-21,2.18,2.2,2.17,2.18,2.1104,2081632.0,0.0,1.0,VVR
2018-06-20,2.15,2.16,2.13,2.14,2.0717,1212093.0,0.0,1.0,VVR
2018-06-19,2.14,2.15,2.11,2.13,2.062,1322132.0,0.0,1.0,VVR
2018-06-18,2.13,2.15,2.12,2.14,2.0717,1456595.0,0.0,1.0,VVR
2018-06-15,2.12,2.13,2.11,2.12,2.0523,1858405.0,0.0,1.0,VVR
2018-06-14,2.1,2.12,2.08,2.11,2.0427,2104698.0,0.0,1.0,VVR
2018-06-13,2.08,2.1,2.07,2.09,2.0233,1840215.0,0.0,1.0,VVR
2018-06-12,2.06,2.08,2.06,2.08,2.0136,1215100.0,0.0,1.0,VVR
2018-06-08,2.07,2.07,2.06,2.06,1.9942,1486415.0,0.0,1.0,VVR
2018-06-07,2.06,2.07,2.05,2.07,2.0039,1901555.0,0.0,1.0,VVR
2018-06-06,2.06,2.07,2.05,2.07,2.0039,5129777.0,0.0,1.0,VVR
2018-06-05,2.04,2.07,2.03,2.06,1.9942,1673118.0,0.0,1.0,VVR
2018-06-04,2.04,2.06,2.03,2.05,1.9846,2319551.0,0.0,1.0,VVR
2018-06-01,2.04,2.04,2.03,2.03,1.9652,818729.0,0.0,1.0,VVR
2018-05-31,2.04,2.05,2.03,2.05,1.9846,2149947.0,0.0,1.0,VVR
2018-05-30,2.03,2.07,2.03,2.05,1.9846,1561833.0,0.0,1.0,VVR
2018-05-29,2.03,2.05,2.03,2.05,1.9846,1110775.0,0.0,1.0,VVR
2018-05-28,2.03,2.035,2.01,2.02,1.9555,1567114.0,0.0,1.0,VVR
2018-05-25,2.02,2.03,2.01,2.02,1.9555,1011086.0,0.0,1.0,VVR
2018-05-24,2.02,2.03,2.01,2.03,1.9652,1258447.0,0.0,1.0,VVR
2018-05-23,2.01,2.02,2.0,2.02,1.9555,1904025.0,0.0,1.0,VVR
2018-05-22,2.01,2.01,2.0,2.01,1.9458,417051.0,0.0,1.0,VVR
2018-05-21,2.02,2.03,2.0,2.02,1.9555,981918.0,0.0,1.0,VVR
2018-05-18,2.0,2.02,2.0,2.01,1.9458,463692.0,0.0,1.0,VVR
2018-05-17,2.01,2.02,1.995,2.0,1.9362,1225778.0,0.0,1.0,VVR
2018-05-16,2.02,2.02,2.0,2.01,1.9458,1449332.0,0.0,1.0,VVR
2018-05-15,2.03,2.05,2.01,2.01,1.9458,1256628.0,0.0,1.0,VVR
2018-05-14,2.03,2.04,2.015,2.03,1.9652,574024.0,0.0,1.0,VVR
2018-05-11,2.06,2.07,2.01,2.02,1.9555,3795382.0,0.0,1.0,VVR
2018-05-10,2.06,2.06,2.04,2.05,1.9846,912634.0,0.0,1.0,VVR
2018-05-09,2.05,2.07,2.03,2.05,1.9846,870250.0,0.0,1.0,VVR
2018-05-08,2.06,2.07,2.04,2.04,1.9749,979264.0,0.0,1.0,VVR
2018-05-07,2.06,2.06,2.04,2.05,1.9846,1137848.0,0.0,1.0,VVR
2018-05-04,2.06,2.09,2.04,2.04,1.9749,1121031.0,0.0,1.0,VVR
2018-05-03,2.07,2.08,2.06,2.06,1.9942,1556289.0,0.0,1.0,VVR
2018-05-02,2.03,2.06,2.025,2.06,1.9942,757407.0,0.0,1.0,VVR
2018-05-01,2.01,2.04,2.01,2.03,1.9652,516366.0,0.0,1.0,VVR
2018-04-30,2.0,2.03,1.99,2.02,1.9555,1642722.0,0.0,1.0,VVR
2018-04-27,2.0,2.0,1.99,1.995,1.9313,2211885.0,0.0,1.0,VVR
2018-04-26,1.98,2.0,1.98,1.99,1.9265,745614.0,0.0,1.0,VVR
2018-04-24,1.975,1.99,1.96,1.985,1.9216,1209008.0,0.0,1.0,VVR
2018-04-23,1.975,1.975,1.96,1.975,1.912,1004531.0,0.0,1.0,VVR
2018-04-20,1.975,1.98,1.967,1.97,1.9071,722774.0,0.0,1.0,VVR
2018-04-19,1.985,1.985,1.975,1.98,1.9168,636939.0,0.0,1.0,VVR
2018-04-18,1.97,1.985,1.965,1.98,1.9168,947110.0,0.0,1.0,VVR
2018-04-17,1.975,1.98,1.965,1.97,1.9071,1113561.0,0.0,1.0,VVR
2018-04-16,1.995,1.995,1.965,1.97,1.9071,1759648.0,0.0,1.0,VVR
2018-04-13,2.0,2.0,1.985,1.995,1.9313,652089.0,0.0,1.0,VVR
2018-04-12,1.995,2.0,1.985,1.995,1.9313,1564351.0,0.0,1.0,VVR
2018-04-11,2.01,2.02,1.995,1.995,1.9313,1610700.0,0.0,1.0,VVR
2018-04-10,2.02,2.03,2.015,2.02,1.9555,1205485.0,0.0,1.0,VVR
2018-04-09,2.03,2.04,2.01,2.03,1.9652,1072294.0,0.0,1.0,VVR
2018-04-06,2.02,2.03,2.02,2.03,1.9652,922203.0,0.0,1.0,VVR
2018-04-05,2.02,2.03,2.01,2.02,1.9555,1424737.0,0.0,1.0,VVR
2018-04-04,2.01,2.02,2.0,2.02,1.9555,974007.0,0.0,1.0,VVR
2018-04-03,1.99,2.02,1.985,2.01,1.9458,1354985.0,0.0,1.0,VVR
2018-03-28,2.03,2.03,2.0,2.0,1.9362,2713476.0,0.0,1.0,VVR
2018-03-27,2.01,2.04,2.01,2.04,1.9749,941294.0,0.0,1.0,VVR
2018-03-26,2.02,2.02,1.99,2.0,1.9362,17022428.0,0.0,1.0,VVR
2018-03-25,2.01,2.02,2.0,2.0,1.9362,899002.0,0.0,1.0,VVR
2018-03-22,2.0,2.03,2.0,2.0,1.9362,1395167.0,0.0,1.0,VVR
2018-03-21,1.995,2.04,1.995,2.04,1.9749,1335425.0,0.0,1.0,VVR
2018-03-20,2.01,2.02,2.0,2.0,1.9362,2988788.0,0.0,1.0,VVR
2018-03-19,2.03,2.04,2.0,2.01,1.9458,1937936.0,0.0,1.0,VVR
2018-03-18,2.03,2.05,2.01,2.03,1.9652,3990669.0,0.0,1.0,VVR
2018-03-15,2.04,2.05,2.02,2.03,1.9652,1463853.0,0.0,1.0,VVR
2018-03-14,2.0,2.04,2.0,2.03,1.9652,1579140.0,0.0,1.0,VVR
2018-03-13,2.04,2.05,2.025,2.04,1.9749,996527.0,0.0,1.0,VVR
2018-03-12,2.06,2.06,2.03,2.05,1.9846,1526474.0,0.0,1.0,VVR
2018-03-11,2.05,2.05,2.035,2.05,1.9846,1317923.0,0.0,1.0,VVR
2018-03-08,2.02,2.05,2.02,2.04,1.9749,2451808.0,0.0,1.0,VVR
2018-03-07,1.98,2.01,1.98,1.995,1.9313,882008.0,0.0,1.0,VVR
2018-03-06,1.99,1.995,1.98,1.985,1.9216,1145381.0,0.0,1.0,VVR
2018-03-05,2.0,2.0,1.98,1.99,1.9265,1733090.0,0.0,1.0,VVR
2018-03-04,2.0,2.01,1.985,1.985,1.9216,764146.0,0.0,1.0,VVR
2018-03-01,2.0,2.015,1.995,2.0,1.9362,829475.0,0.0,1.0,VVR
2018-02-28,2.02,2.03,2.0,2.01,1.9458,3030447.0,0.0,1.0,VVR
2018-02-27,2.05,2.05,1.995,2.02,1.9555,2384694.0,0.0,1.0,VVR
2018-02-26,2.04,2.05,2.03,2.05,1.9846,1690220.0,0.0,1.0,VVR
2018-02-25,2.03,2.04,2.02,2.04,1.9749,1192264.0,0.0,1.0,VVR
2018-02-22,2.05,2.05,2.01,2.01,1.9458,1406682.0,0.0,1.0,VVR
2018-02-21,1.99,2.04,1.985,2.01,1.9458,1131479.0,0.0,1.0,VVR
2018-02-20,1.97,1.987,1.97,1.985,1.9216,943674.0,0.0,1.0,VVR
2018-02-19,1.96,1.975,1.96,1.97,1.9071,364795.0,0.0,1.0,VVR
2018-02-18,1.96,1.98,1.96,1.965,1.9023,515678.0,0.0,1.0,VVR
2018-02-15,1.96,1.97,1.96,1.96,1.8974,921021.0,0.0,1.0,VVR
2018-02-14,1.945,1.955,1.94,1.95,1.8878,1093124.0,0.0,1.0,VVR
2018-02-13,1.95,1.955,1.942,1.945,1.8829,875052.0,0.0,1.0,VVR
2018-02-12,1.965,1.965,1.945,1.95,1.8878,1605464.0,0.0,1.0,VVR
2018-02-11,1.965,1.97,1.95,1.965,1.9023,1070076.0,0.0,1.0,VVR
2018-02-08,1.965,1.975,1.96,1.965,1.9023,2018543.0,0.0,1.0,VVR
2018-02-07,1.99,2.0,1.99,1.995,1.9313,1009654.0,0.0,1.0,VVR
2018-02-06,2.0,2.04,1.995,2.0,1.9362,1783400.0,0.0,1.0,VVR
2018-02-05,1.99,2.01,1.96,2.01,1.9458,2310916.0,0.0,1.0,VVR
2018-02-04,2.03,2.04,2.02,2.03,1.9652,1858801.0,0.0,1.0,VVR
2018-02-01,2.06,2.07,2.04,2.04,1.9749,1516195.0,0.0,1.0,VVR
2018-01-31,2.07,2.08,2.05,2.06,1.9942,1338516.0,0.0,1.0,VVR
2018-01-30,2.1,2.1,2.06,2.08,2.0136,1491907.0,0.0,1.0,VVR
2018-01-29,2.15,2.15,2.13,2.15,2.0175,1207791.0,0.0,1.0,VVR
2018-01-28,2.17,2.17,2.15,2.16,2.0269,1540101.0,0.0,1.0,VVR
2018-01-24,2.17,2.175,2.16,2.17,2.0363,1113624.0,0.0,1.0,VVR
2018-01-23,2.16,2.18,2.16,2.17,2.0363,1515641.0,0.0,1.0,VVR
2018-01-22,2.18,2.18,2.16,2.16,2.0269,1504277.0,0.0,1.0,VVR
2018-01-21,2.17,2.18,2.165,2.17,2.0363,407762.0,0.0,1.0,VVR
2018-01-18,2.17,2.18,2.16,2.17,2.0363,2696828.0,0.0,1.0,VVR
2018-01-17,2.17,2.19,2.17,2.18,2.0456,802836.0,0.0,1.0,VVR
2018-01-16,2.18,2.19,2.17,2.18,2.0456,3245988.0,0.0,1.0,VVR
2018-01-15,2.2,2.2,2.17,2.18,2.0456,2124643.0,0.0,1.0,VVR
2018-01-14,2.2,2.2,2.17,2.2,2.0644,515894.0,0.0,1.0,VVR
2018-01-11,2.2,2.21,2.19,2.19,2.055,512192.0,0.0,1.0,VVR
2018-01-10,2.23,2.23,2.19,2.2,2.0644,656279.0,0.0,1.0,VVR
2018-01-09,2.24,2.245,2.22,2.23,2.0926,1195648.0,0.0,1.0,VVR
2018-01-08,2.23,2.26,2.23,2.24,2.1019,803431.0,0.0,1.0,VVR
2018-01-07,2.22,2.24,2.22,2.24,2.1019,807164.0,0.0,1.0,VVR
2018-01-04,2.23,2.24,2.2,2.23,2.0926,1611787.0,0.0,1.0,VVR
2018-01-03,2.25,2.25,2.24,2.25,2.1113,840795.0,0.0,1.0,VVR
2018-01-02,2.27,2.27,2.24,2.24,2.1019,1267651.0,0.0,1.0,VVR
2018-01-01,2.25,2.275,2.25,2.26,2.1207,343792.0,0.0,1.0,VVR
2017-12-28,2.28,2.28,2.26,2.26,2.1207,471122.0,0.0,1.0,VVR
2017-12-27,2.26,2.27,2.24,2.27,2.1301,813619.0,0.0,1.0,VVR
2017-12-26,2.26,2.275,2.25,2.26,2.1207,1216843.0,0.0,1.0,VVR
2017-12-21,2.24,2.26,2.23,2.25,2.1113,1003007.0,0.0,1.0,VVR
2017-12-20,2.22,2.24,2.19,2.24,2.1019,2171885.0,0.0,1.0,VVR
2017-12-19,2.25,2.255,2.24,2.24,2.1019,679289.0,0.0,1.0,VVR
2017-12-18,2.24,2.26,2.23,2.25,2.1113,1666004.0,0.0,1.0,VVR
2017-12-17,2.24,2.27,2.23,2.27,2.1301,1209941.0,0.0,1.0,VVR
2017-12-14,2.23,2.24,2.22,2.24,2.1019,1028034.0,0.0,1.0,VVR
2017-12-13,2.26,2.26,2.23,2.23,2.0926,856483.0,0.0,1.0,VVR
2017-12-12,2.25,2.27,2.22,2.25,2.1113,1660043.0,0.0,1.0,VVR
2017-12-11,2.2,2.25,2.195,2.24,2.1019,2116020.0,0.0,1.0,VVR
2017-12-10,2.19,2.2,2.19,2.2,2.0644,3169269.0,0.0,1.0,VVR
2017-12-07,2.18,2.19,2.17,2.19,2.055,1979763.0,0.0,1.0,VVR
2017-12-06,2.19,2.195,2.17,2.17,2.0363,2620059.0,0.0,1.0,VVR
2017-12-05,2.18,2.18,2.165,2.18,2.0456,1212116.0,0.0,1.0,VVR
2017-12-04,2.19,2.19,2.17,2.17,2.0363,1146925.0,0.0,1.0,VVR
2017-12-03,2.19,2.2,2.18,2.18,2.0456,1318581.0,0.0,1.0,VVR
2017-11-30,2.19,2.195,2.18,2.18,2.0456,762707.0,0.0,1.0,VVR
2017-11-29,2.18,2.185,2.17,2.18,2.0456,2026425.0,0.0,1.0,VVR
2017-11-28,2.19,2.2,2.17,2.18,2.0456,1494400.0,0.0,1.0,VVR
2017-11-27,2.18,2.2,2.17,2.18,2.0456,1855921.0,0.0,1.0,VVR
2017-11-26,2.17,2.19,2.17,2.18,2.0456,1133473.0,0.0,1.0,VVR
2017-11-23,2.17,2.18,2.165,2.17,2.0363,1273528.0,0.0,1.0,VVR
2017-11-22,2.18,2.185,2.16,2.17,2.0363,1043682.0,0.0,1.0,VVR
2017-11-21,2.18,2.19,2.17,2.18,2.0456,1216038.0,0.0,1.0,VVR
2017-11-20,2.17,2.18,2.16,2.17,2.0363,1233197.0,0.0,1.0,VVR
2017-11-19,2.16,2.17,2.15,2.16,2.0269,927952.0,0.0,1.0,VVR
2017-11-16,2.18,2.18,2.16,2.17,2.0363,1223119.0,0.0,1.0,VVR
2017-11-15,2.16,2.18,2.16,2.17,2.0363,840118.0,0.0,1.0,VVR
2017-11-14,2.17,2.18,2.16,2.17,2.0363,1260403.0,0.0,1.0,VVR
2017-11-13,2.17,2.18,2.16,2.17,2.0363,1193039.0,0.0,1.0,VVR
2017-11-12,2.18,2.18,2.17,2.18,2.0456,874755.0,0.0,1.0,VVR
2017-11-09,2.17,2.18,2.16,2.18,2.0456,2029164.0,0.0,1.0,VVR
2017-11-08,2.17,2.18,2.165,2.17,2.0363,2571955.0,0.0,1.0,VVR
2017-11-07,2.16,2.18,2.16,2.16,2.0269,869636.0,0.0,1.0,VVR
2017-11-06,2.16,2.175,2.15,2.17,2.0363,1054163.0,0.0,1.0,VVR
2017-11-05,2.17,2.18,2.14,2.14,2.0081,1074775.0,0.0,1.0,VVR
2017-11-02,2.14,2.17,2.14,2.16,2.0269,559618.0,0.0,1.0,VVR
2017-11-01,2.13,2.14,2.125,2.14,2.0081,959712.0,0.0,1.0,VVR
2017-10-31,2.14,2.14,2.12,2.13,1.9987,1378578.0,0.0,1.0,VVR
2017-10-30,2.14,2.14,2.12,2.14,2.0081,1148529.0,0.0,1.0,VVR
2017-10-29,2.14,2.15,2.13,2.13,1.9987,1134292.0,0.0,1.0,VVR
2017-10-26,2.16,2.16,2.12,2.14,2.0081,1789869.0,0.0,1.0,VVR
2017-10-25,2.19,2.19,2.15,2.15,2.0175,1579994.0,0.0,1.0,VVR
2017-10-24,2.18,2.18,2.17,2.18,2.0456,969608.0,0.0,1.0,VVR
2017-10-23,2.18,2.19,2.16,2.17,2.0363,536100.0,0.0,1.0,VVR
2017-10-22,2.19,2.2,2.16,2.18,2.0456,3696591.0,0.0,1.0,VVR
2017-10-19,2.19,2.2,2.175,2.19,2.055,922674.0,0.0,1.0,VVR
2017-10-18,2.19,2.19,2.17,2.19,2.055,1170264.0,0.0,1.0,VVR
2017-10-17,2.16,2.16,2.14,2.15,2.0175,1052197.0,0.0,1.0,VVR
2017-10-16,2.15,2.16,2.14,2.15,2.0175,712807.0,0.0,1.0,VVR
2017-10-15,2.15,2.16,2.14,2.14,2.0081,1254259.0,0.0,1.0,VVR
2017-10-12,2.15,2.15,2.13,2.15,2.0175,794022.0,0.0,1.0,VVR
2017-10-11,2.16,2.16,2.13,2.14,2.0081,798793.0,0.0,1.0,VVR
2017-10-10,2.13,2.15,2.13,2.14,2.0081,1030740.0,0.0,1.0,VVR
2017-10-09,2.12,2.13,2.11,2.12,1.9893,3258356.0,0.0,1.0,VVR
2017-10-08,2.11,2.12,2.1,2.12,1.9893,1274872.0,0.0,1.0,VVR
2017-10-05,2.1,2.12,2.09,2.1,1.9706,1203340.0,0.0,1.0,VVR
2017-10-04,2.08,2.1,2.08,2.09,1.9612,610755.0,0.0,1.0,VVR
2017-10-03,2.1,2.12,2.09,2.09,1.9612,1478307.0,0.0,1.0,VVR
2017-10-02,2.11,2.11,2.1,2.11,1.9799,742161.0,0.0,1.0,VVR
2017-10-01,2.11,2.12,2.11,2.11,1.9799,677506.0,0.0,1.0,VVR
2017-09-29,2.1,2.12,2.09,2.11,1.9799,868627.0,0.0,1.0,VVR
2017-09-28,2.11,2.115,2.09,2.1,1.9706,1154632.0,0.0,1.0,VVR
2017-09-27,2.11,2.11,2.09,2.1,1.9706,971417.0,0.0,1.0,VVR
2017-09-26,2.09,2.11,2.07,2.1,1.9706,1366753.0,0.0,1.0,VVR
2017-09-25,2.11,2.11,2.07,2.07,1.9424,2263924.0,0.0,1.0,VVR
2017-09-22,2.13,2.13,2.09,2.1,1.9706,1626749.0,0.0,1.0,VVR
2017-09-21,2.14,2.15,2.12,2.12,1.9893,3000506.0,0.0,1.0,VVR
2017-09-20,2.14,2.15,2.13,2.14,2.0081,1077873.0,0.0,1.0,VVR
2017-09-19,2.15,2.16,2.14,2.15,2.0175,3277883.0,0.0,1.0,VVR
2017-09-18,2.16,2.17,2.14,2.15,2.0175,1147924.0,0.0,1.0,VVR
2017-09-15,2.15,2.165,2.145,2.15,2.0175,2653962.0,0.0,1.0,VVR
2017-09-14,2.14,2.16,2.135,2.14,2.0081,1843518.0,0.0,1.0,VVR
2017-09-13,2.15,2.16,2.14,2.15,2.0175,1175573.0,0.0,1.0,VVR
2017-09-12,2.16,2.16,2.15,2.15,2.0175,1268636.0,0.0,1.0,VVR
2017-09-11,2.15,2.17,2.15,2.16,2.0269,854854.0,0.0,1.0,VVR
2017-09-08,2.16,2.17,2.15,2.16,2.0269,870618.0,0.0,1.0,VVR
2017-09-07,2.16,2.17,2.15,2.16,2.0269,1779338.0,0.0,1.0,VVR
2017-09-06,2.17,2.18,2.15,2.16,2.0269,1330593.0,0.0,1.0,VVR
2017-09-05,2.17,2.185,2.165,2.17,2.0363,1300629.0,0.0,1.0,VVR
2017-09-04,2.15,2.18,2.15,2.17,2.0363,2249306.0,0.0,1.0,VVR
2017-09-01,2.17,2.175,2.15,2.16,2.0269,1351229.0,0.0,1.0,VVR
2017-08-31,2.15,2.17,2.14,2.17,2.0363,2396826.0,0.0,1.0,VVR
2017-08-30,2.15,2.16,2.13,2.14,2.0081,1294279.0,0.0,1.0,VVR
2017-08-29,2.14,2.16,2.125,2.14,2.0081,1462867.0,0.0,1.0,VVR
2017-08-28,2.16,2.18,2.13,2.15,2.0175,1413811.0,0.0,1.0,VVR
2017-08-25,2.16,2.18,2.16,2.17,2.0363,867950.0,0.0,1.0,VVR
2017-08-24,2.16,2.17,2.15,2.15,2.0175,1537517.0,0.0,1.0,VVR
2017-08-23,2.17,2.18,2.15,2.15,2.0175,4470167.0,0.0,1.0,VVR
2017-08-22,2.16,2.16,2.15,2.16,2.0269,3458974.0,0.0,1.0,VVR
2017-08-21,2.15,2.17,2.14,2.15,2.0175,1731029.0,0.0,1.0,VVR
2017-08-18,2.15,2.165,2.15,2.16,2.0269,2115521.0,0.0,1.0,VVR
2017-08-17,2.16,2.2,2.15,2.16,2.0269,1859665.0,0.0,1.0,VVR
2017-08-16,2.17,2.18,2.16,2.17,2.0363,1850341.0,0.0,1.0,VVR
2017-08-15,2.16,2.17,2.15,2.16,2.0269,3717594.0,0.0,1.0,VVR
2017-08-14,2.16,2.17,2.155,2.16,2.0269,1107177.0,0.0,1.0,VVR
2017-08-11,2.16,2.19,2.15,2.16,2.0269,8963246.0,0.0,1.0,VVR
2017-08-10,2.17,2.17,2.15,2.16,2.0269,1696662.0,0.0,1.0,VVR
2017-08-09,2.17,2.18,2.16,2.17,2.0363,928210.0,0.0,1.0,VVR
2017-08-08,2.17,2.19,2.16,2.17,2.0363,925760.0,0.0,1.0,VVR
2017-08-07,2.17,2.19,2.17,2.18,2.0456,573439.0,0.0,1.0,VVR
2017-08-04,2.17,2.185,2.16,2.17,2.0363,955471.0,0.0,1.0,VVR
2017-08-03,2.17,2.19,2.14,2.18,2.0456,891279.0,0.0,1.0,VVR
2017-08-02,2.18,2.2,2.16,2.16,2.0269,1272292.0,0.0,1.0,VVR
2017-08-01,2.16,2.2,2.155,2.18,2.0456,918290.0,0.0,1.0,VVR
2017-07-31,2.15,2.18,2.15,2.16,2.0269,1232658.0,0.0,1.0,VVR
2017-07-28,2.17,2.18,2.15,2.15,2.0175,1728409.0,0.0,1.0,VVR
2017-07-27,2.18,2.19,2.17,2.17,2.0363,692698.0,0.0,1.0,VVR
2017-07-26,2.2,2.2,2.17,2.18,2.0456,1385228.0,0.0,1.0,VVR
2017-07-25,2.16,2.21,2.16,2.18,2.0456,1967404.0,0.0,1.0,VVR
2017-07-24,2.21,2.25,2.21,2.22,2.0212,2052323.0,0.0,1.0,VVR
2017-07-21,2.21,2.24,2.19,2.23,2.0303,4104066.0,0.0,1.0,VVR
2017-07-20,2.21,2.24,2.19,2.19,1.9939,3179613.0,0.0,1.0,VVR
2017-07-19,2.22,2.25,2.21,2.22,2.0212,752060.0,0.0,1.0,VVR
2017-07-18,2.23,2.25,2.22,2.22,2.0212,1809335.0,0.0,1.0,VVR
2017-07-17,2.24,2.25,2.21,2.23,2.0303,714984.0,0.0,1.0,VVR
2017-07-14,2.24,2.25,2.225,2.25,2.0486,829161.0,0.0,1.0,VVR
2017-07-13,2.21,2.24,2.21,2.22,2.0212,1497492.0,0.0,1.0,VVR
2017-07-12,2.23,2.25,2.19,2.2,2.003,1898868.0,0.0,1.0,VVR
2017-07-11,2.27,2.28,2.235,2.24,2.0394,1155094.0,0.0,1.0,VVR
2017-07-10,2.28,2.28,2.26,2.27,2.0668,878399.0,0.0,1.0,VVR
2017-07-07,2.27,2.28,2.23,2.26,2.0577,1115664.0,0.0,1.0,VVR
2017-07-06,2.28,2.29,2.27,2.27,2.0668,1586047.0,0.0,1.0,VVR
2017-07-05,2.27,2.29,2.26,2.28,2.0759,1208608.0,0.0,1.0,VVR
2017-07-04,2.31,2.31,2.26,2.28,2.0759,1385006.0,0.0,1.0,VVR
2017-07-03,2.28,2.31,2.27,2.28,2.0759,1112829.0,0.0,1.0,VVR
2017-06-30,2.31,2.32,2.27,2.27,2.0668,1210077.0,0.0,1.0,VVR
2017-06-29,2.32,2.34,2.31,2.33,2.1214,1018895.0,0.0,1.0,VVR
2017-06-28,2.36,2.37,2.32,2.32,2.1123,2768160.0,0.0,1.0,VVR
2017-06-27,2.33,2.38,2.32,2.37,2.1578,1846159.0,0.0,1.0,VVR
2017-06-26,2.33,2.34,2.31,2.33,2.1214,1520146.0,0.0,1.0,VVR
2017-06-23,2.37,2.37,2.31,2.32,2.1123,2306916.0,0.0,1.0,VVR
2017-06-22,2.38,2.38,2.38,2.38,2.1669,0.0,0.0,1.0,VVR
2017-06-21,2.37,2.41,2.37,2.38,2.1669,863435.0,0.0,1.0,VVR
2017-06-20,2.4,2.41,2.38,2.38,2.1669,588277.0,0.0,1.0,VVR
2017-06-19,2.41,2.41,2.4,2.4,2.1851,806661.0,0.0,1.0,VVR
2017-06-16,2.39,2.405,2.39,2.4,2.1851,1562089.0,0.0,1.0,VVR
2017-06-15,2.39,2.42,2.39,2.39,2.176,2673378.0,0.0,1.0,VVR
2017-06-14,2.41,2.42,2.4,2.41,2.1942,1086474.0,0.0,1.0,VVR
2017-06-13,2.41,2.415,2.39,2.41,2.1942,2310209.0,0.0,1.0,VVR
2017-06-09,2.37,2.39,2.37,2.37,2.1578,654139.0,0.0,1.0,VVR
2017-06-08,2.38,2.39,2.37,2.37,2.1578,824945.0,0.0,1.0,VVR
2017-06-07,2.4,2.42,2.39,2.4,2.1851,697586.0,0.0,1.0,VVR
2017-06-06,2.44,2.44,2.41,2.41,2.1942,487459.0,0.0,1.0,VVR
2017-06-05,2.43,2.45,2.43,2.44,2.2215,551847.0,0.0,1.0,VVR
2017-06-02,2.45,2.45,2.43,2.43,2.2124,889056.0,0.0,1.0,VVR
2017-06-01,2.41,2.46,2.4,2.45,2.2306,710980.0,0.0,1.0,VVR
2017-05-31,2.43,2.445,2.39,2.41,2.1942,1116056.0,0.0,1.0,VVR
2017-05-30,2.45,2.45,2.41,2.42,2.2033,2011169.0,0.0,1.0,VVR
2017-05-29,2.45,2.47,2.43,2.43,2.2124,1327996.0,0.0,1.0,VVR
2017-05-26,2.43,2.44,2.41,2.43,2.2124,329873.0,0.0,1.0,VVR
2017-05-25,2.41,2.44,2.4,2.4,2.1851,638720.0,0.0,1.0,VVR
2017-05-24,2.39,2.4,2.38,2.4,2.1851,433668.0,0.0,1.0,VVR
2017-05-23,2.42,2.42,2.37,2.37,2.1578,5351937.0,0.0,1.0,VVR
2017-05-22,2.37,2.42,2.37,2.41,2.1942,479017.0,0.0,1.0,VVR
2017-05-19,2.37,2.38,2.33,2.36,2.1487,1414626.0,0.0,1.0,VVR
2017-05-18,2.35,2.4,2.35,2.39,2.176,938388.0,0.0,1.0,VVR
2017-05-17,2.35,2.37,2.35,2.35,2.1396,553630.0,0.0,1.0,VVR
2017-05-16,2.33,2.35,2.31,2.34,2.1305,687643.0,0.0,1.0,VVR
2017-05-15,2.34,2.35,2.29,2.32,2.1123,1259213.0,0.0,1.0,VVR
2017-05-12,2.41,2.41,2.33,2.35,2.1396,895972.0,0.0,1.0,VVR
2017-05-11,2.47,2.48,2.4,2.4,2.1851,742169.0,0.0,1.0,VVR
2017-05-10,2.4,2.47,2.39,2.46,2.2397,810694.0,0.0,1.0,VVR
2017-05-09,2.35,2.39,2.35,2.39,2.176,774309.0,0.0,1.0,VVR
2017-05-08,2.37,2.37,2.34,2.34,2.1305,453632.0,0.0,1.0,VVR
2017-05-05,2.4,2.4,2.34,2.34,2.1305,513961.0,0.0,1.0,VVR
2017-05-04,2.33,2.44,2.33,2.4,2.1851,1150105.0,0.0,1.0,VVR
2017-05-03,2.34,2.35,2.31,2.34,2.1305,2199816.0,0.0,1.0,VVR
2017-05-02,2.41,2.41,2.3,2.3,2.0941,1599118.0,0.0,1.0,VVR
2017-05-01,2.42,2.43,2.38,2.4,2.1851,741818.0,0.0,1.0,VVR
2017-04-28,2.38,2.41,2.37,2.41,2.1942,776363.0,0.0,1.0,VVR
2017-04-27,2.4,2.405,2.38,2.38,2.1669,384095.0,0.0,1.0,VVR
2017-04-26,2.37,2.41,2.36,2.4,2.1851,891043.0,0.0,1.0,VVR
2017-04-24,2.34,2.37,2.33,2.37,2.1578,624215.0,0.0,1.0,VVR
2017-04-21,2.35,2.38,2.33,2.34,2.1305,689034.0,0.0,1.0,VVR
2017-04-20,2.37,2.37,2.33,2.33,2.1214,566260.0,0.0,1.0,VVR
2017-04-19,2.37,2.37,2.34,2.36,2.1487,546739.0,0.0,1.0,VVR
2017-04-18,2.37,2.37,2.36,2.37,2.1578,790874.0,0.0,1.0,VVR
2017-04-13,2.39,2.39,2.36,2.36,2.1487,808135.0,0.0,1.0,VVR
2017-04-12,2.39,2.4,2.38,2.39,2.176,1676663.0,0.0,1.0,VVR
2017-04-11,2.41,2.42,2.38,2.38,2.1669,808294.0,0.0,1.0,VVR
2017-04-10,2.39,2.42,2.39,2.39,2.176,324127.0,0.0,1.0,VVR
2017-04-07,2.39,2.4,2.38,2.39,2.176,642293.0,0.0,1.0,VVR
2017-04-06,2.4,2.4,2.37,2.38,2.1669,642521.0,0.0,1.0,VVR
2017-04-05,2.4,2.4,2.39,2.4,2.1851,545701.0,0.0,1.0,VVR
2017-04-04,2.39,2.4,2.38,2.39,2.176,538490.0,0.0,1.0,VVR
2017-04-03,2.4,2.4,2.38,2.39,2.176,348602.0,0.0,1.0,VVR
2017-03-30,2.4,2.4,2.38,2.38,2.1669,784764.0,0.0,1.0,VVR
2017-03-29,2.39,2.4,2.38,2.39,2.176,1476030.0,0.0,1.0,VVR
2017-03-28,2.4,2.41,2.39,2.41,2.1942,769431.0,0.0,1.0,VVR
2017-03-27,2.41,2.42,2.39,2.4,2.1851,1058967.0,0.0,1.0,VVR
2017-03-26,2.4,2.42,2.39,2.4,2.1851,530137.0,0.0,1.0,VVR
2017-03-23,2.4,2.43,2.395,2.42,2.2033,816620.0,0.0,1.0,VVR
2017-03-22,2.37,2.4,2.36,2.38,2.1669,1461094.0,0.0,1.0,VVR
2017-03-21,2.34,2.38,2.34,2.37,2.1578,964455.0,0.0,1.0,VVR
2017-03-20,2.34,2.37,2.31,2.34,2.1305,1344044.0,0.0,1.0,VVR
2017-03-19,2.34,2.36,2.33,2.35,2.1396,449923.0,0.0,1.0,VVR
2017-03-16,2.35,2.36,2.34,2.36,2.1487,2262594.0,0.0,1.0,VVR
2017-03-15,2.32,2.38,2.32,2.35,2.1396,2454054.0,0.0,1.0,VVR
2017-03-14,2.19,2.3,2.19,2.3,2.0941,1043911.0,0.0,1.0,VVR
2017-03-13,2.24,2.24,2.18,2.19,1.9939,1813358.0,0.0,1.0,VVR
2017-03-12,2.25,2.26,2.19,2.21,2.0121,785061.0,0.0,1.0,VVR
2017-03-09,2.31,2.31,2.24,2.24,2.0394,1119665.0,0.0,1.0,VVR
2017-03-08,2.32,2.33,2.27,2.28,2.0759,909006.0,0.0,1.0,VVR
2017-03-07,2.36,2.37,2.32,2.34,2.1305,465554.0,0.0,1.0,VVR
2017-03-06,2.34,2.39,2.32,2.36,2.1487,757923.0,0.0,1.0,VVR
2017-03-05,2.36,2.37,2.33,2.35,2.1396,664585.0,0.0,1.0,VVR
2017-03-02,2.35,2.35,2.28,2.35,2.1396,955176.0,0.0,1.0,VVR
2017-03-01,2.36,2.36,2.31,2.35,2.1396,871012.0,0.0,1.0,VVR
2017-02-28,2.39,2.39,2.33,2.37,2.1578,923638.0,0.0,1.0,VVR
2017-02-27,2.38,2.41,2.38,2.4,2.1851,688724.0,0.0,1.0,VVR
2017-02-26,2.38,2.42,2.38,2.41,2.1942,1375901.0,0.0,1.0,VVR
2017-02-23,2.4,2.42,2.38,2.41,2.1942,1017714.0,0.0,1.0,VVR
2017-02-22,2.41,2.42,2.37,2.4,2.1851,3091471.0,0.0,1.0,VVR
2017-02-21,2.39,2.42,2.375,2.4,2.1851,691609.0,0.0,1.0,VVR
2017-02-20,2.39,2.42,2.38,2.4,2.1851,819997.0,0.0,1.0,VVR
2017-02-19,2.38,2.39,2.375,2.39,2.176,330212.0,0.0,1.0,VVR
2017-02-16,2.36,2.38,2.35,2.37,2.1578,458624.0,0.0,1.0,VVR
2017-02-15,2.39,2.39,2.33,2.35,2.1396,1805989.0,0.0,1.0,VVR
2017-02-14,2.39,2.4,2.37,2.39,2.176,756494.0,0.0,1.0,VVR
2017-02-13,2.39,2.4,2.37,2.39,2.176,840486.0,0.0,1.0,VVR
2017-02-12,2.39,2.39,2.37,2.38,2.1669,829625.0,0.0,1.0,VVR
2017-02-09,2.37,2.39,2.37,2.38,2.1669,420521.0,0.0,1.0,VVR
2017-02-08,2.35,2.39,2.33,2.37,2.1578,1970299.0,0.0,1.0,VVR
2017-02-07,2.37,2.37,2.34,2.35,2.1396,447736.0,0.0,1.0,VVR
2017-02-06,2.32,2.38,2.3,2.38,2.1669,886734.0,0.0,1.0,VVR
2017-02-05,2.35,2.35,2.32,2.34,2.1305,342446.0,0.0,1.0,VVR
2017-02-02,2.33,2.35,2.32,2.34,2.1305,621738.0,0.0,1.0,VVR
2017-02-01,2.26,2.34,2.26,2.33,2.1214,875697.0,0.0,1.0,VVR
2017-01-31,2.25,2.3,2.25,2.29,2.085,637766.0,0.0,1.0,VVR
2017-01-30,2.26,2.26,2.24,2.25,2.0486,1387759.0,0.0,1.0,VVR
2017-01-29,2.26,2.29,2.25,2.28,2.0759,614069.0,0.0,1.0,VVR
2017-01-26,2.26,2.3,2.26,2.28,2.0759,267975.0,0.0,1.0,VVR
2017-01-24,2.28,2.29,2.25,2.27,2.0668,593929.0,0.0,1.0,VVR
2017-01-23,2.28,2.29,2.27,2.28,2.0759,614186.0,0.0,1.0,VVR
2017-01-22,2.36,2.36,2.28,2.29,2.085,828267.0,0.0,1.0,VVR
2017-01-19,2.35,2.35,2.29,2.33,2.1214,993674.0,0.0,1.0,VVR
2017-01-18,2.35,2.35,2.3,2.31,2.1032,1217614.0,0.0,1.0,VVR
2017-01-17,2.4,2.41,2.36,2.38,2.1188,843816.0,0.0,1.0,VVR
2017-01-16,2.38,2.43,2.37,2.42,2.1544,1268837.0,0.0,1.0,VVR
2017-01-15,2.37,2.37,2.32,2.36,2.101,927677.0,0.0,1.0,VVR
2017-01-12,2.4,2.4,2.33,2.38,2.1188,758047.0,0.0,1.0,VVR
2017-01-11,2.42,2.43,2.39,2.4,2.1366,1149512.0,0.0,1.0,VVR
2017-01-10,2.41,2.425,2.39,2.42,2.1544,975645.0,0.0,1.0,VVR
2017-01-09,2.44,2.45,2.4,2.42,2.1544,847521.0,0.0,1.0,VVR
2017-01-08,2.46,2.5,2.44,2.45,2.1812,817990.0,0.0,1.0,VVR
2017-01-05,2.41,2.46,2.41,2.44,2.1723,1032114.0,0.0,1.0,VVR
2017-01-04,2.44,2.44,2.4,2.4,2.1366,981503.0,0.0,1.0,VVR
2017-01-03,2.43,2.43,2.39,2.42,2.1544,816994.0,0.0,1.0,VVR
2017-01-02,2.42,2.45,2.41,2.44,2.1723,746601.0,0.0,1.0,VVR
2016-12-29,2.4,2.42,2.38,2.4,2.1366,856353.0,0.0,1.0,VVR
2016-12-28,2.44,2.44,2.35,2.4,2.1366,3024912.0,0.0,1.0,VVR
2016-12-27,2.44,2.47,2.375,2.41,2.1455,1683985.0,0.0,1.0,VVR
2016-12-22,2.43,2.43,2.38,2.41,2.1455,1056696.0,0.0,1.0,VVR
2016-12-21,2.38,2.4,2.35,2.37,2.1099,1047748.0,0.0,1.0,VVR
2016-12-20,2.39,2.39,2.35,2.38,2.1188,968750.0,0.0,1.0,VVR
2016-12-19,2.37,2.41,2.33,2.35,2.0921,1693140.0,0.0,1.0,VVR
2016-12-18,2.35,2.4,2.32,2.37,2.1099,1626131.0,0.0,1.0,VVR
2016-12-15,2.27,2.36,2.27,2.33,2.0743,15187332.0,0.0,1.0,VVR
2016-12-14,2.28,2.29,2.25,2.28,2.0298,5294926.0,0.0,1.0,VVR
2016-12-13,2.31,2.32,2.28,2.31,2.0565,4489730.0,0.0,1.0,VVR
2016-12-12,2.26,2.32,2.26,2.31,2.0565,4489472.0,0.0,1.0,VVR
2016-12-11,2.29,2.29,2.24,2.26,2.012,32359431.0,0.0,1.0,VVR
2016-12-08,2.29,2.29,2.26,2.27,2.0209,4424101.0,0.0,1.0,VVR
2016-12-07,2.3,2.305,2.27,2.29,2.0387,5891286.0,0.0,1.0,VVR
2016-12-06,2.21,2.28,2.2,2.26,2.012,4733511.0,0.0,1.0,VVR
2016-12-05,2.22,2.23,2.18,2.22,1.9764,3384990.0,0.0,1.0,VVR
2016-12-04,2.2,2.2,2.14,2.18,1.9408,2800946.0,0.0,1.0,VVR
2016-12-01,2.19,2.21,2.16,2.19,1.9497,3053728.0,0.0,1.0,VVR
2016-11-30,2.2,2.21,2.11,2.18,1.9408,3174700.0,0.0,1.0,VVR
2016-11-29,2.24,2.28,2.18,2.21,1.9675,10457678.0,0.0,1.0,VVR
2016-11-28,2.22,2.23,2.18,2.23,1.9853,1537246.0,0.0,1.0,VVR
2016-11-27,2.2,2.23,2.17,2.21,1.9675,1378373.0,0.0,1.0,VVR
2016-11-24,2.15,2.2,2.14,2.2,1.9586,3302923.0,0.0,1.0,VVR
2016-11-23,2.15,2.17,2.125,2.15,1.9141,2295371.0,0.0,1.0,VVR
2016-11-22,2.13,2.18,2.13,2.15,1.9141,1439411.0,0.0,1.0,VVR
2016-11-21,2.17,2.17,2.02,2.14,1.9052,5241636.0,0.0,1.0,VVR
2016-11-20,2.11,2.15,2.11,2.13,1.8963,3172519.0,0.0,1.0,VVR
2016-11-17,2.11,2.13,2.105,2.13,1.8963,2582553.0,0.0,1.0,VVR
2016-11-16,2.08,2.12,2.08,2.1,1.8696,1727314.0,0.0,1.0,VVR
2016-11-15,2.12,2.18,2.1,2.1,1.8696,924358.0,0.0,1.0,VVR
2016-11-14,2.1,2.16,2.08,2.11,1.8785,5639524.0,0.0,1.0,VVR
2016-11-13,2.14,2.14,2.09,2.1,1.8696,2309002.0,0.0,1.0,VVR
2016-11-10,2.19,2.19,2.07,2.1,1.8696,2526157.0,0.0,1.0,VVR
2016-11-09,2.26,2.26,2.19,2.2,1.9586,1616900.0,0.0,1.0,VVR
2016-11-08,2.29,2.3,2.24,2.27,2.0209,688359.0,0.0,1.0,VVR
2016-11-07,2.3,2.31,2.26,2.3,2.0476,898362.0,0.0,1.0,VVR
2016-11-06,2.21,2.29,2.21,2.28,2.0298,830660.0,0.0,1.0,VVR
2016-11-03,2.22,2.23,2.19,2.21,1.9675,1138158.0,0.0,1.0,VVR
2016-11-02,2.23,2.24,2.2,2.22,1.9764,822138.0,0.0,1.0,VVR
2016-11-01,2.24,2.25,2.21,2.23,1.9853,5958162.0,0.0,1.0,VVR
2016-10-31,2.27,2.27,2.24,2.26,2.012,129278.0,0.0,1.0,VVR
2016-10-30,2.26,2.275,2.24,2.26,2.012,1359655.0,0.0,1.0,VVR
2016-10-27,2.28,2.29,2.26,2.27,2.0209,1094339.0,0.0,1.0,VVR
2016-10-26,2.3,2.3,2.27,2.28,2.0298,1219227.0,0.0,1.0,VVR
2016-10-25,2.34,2.34,2.28,2.29,2.0387,3270665.0,0.0,1.0,VVR
2016-10-24,2.33,2.35,2.32,2.32,2.0654,847859.0,0.0,1.0,VVR
2016-10-23,2.33,2.35,2.32,2.34,2.0832,513935.0,0.0,1.0,VVR
2016-10-20,2.36,2.37,2.33,2.33,2.0743,1120305.0,0.0,1.0,VVR
2016-10-19,2.38,2.39,2.34,2.36,2.101,449073.0,0.0,1.0,VVR
2016-10-18,2.35,2.39,2.33,2.39,2.1277,519081.0,0.0,1.0,VVR
2016-10-17,2.37,2.37,2.32,2.36,2.101,885189.0,0.0,1.0,VVR
2016-10-16,2.38,2.42,2.37,2.37,2.1099,860564.0,0.0,1.0,VVR
2016-10-13,2.35,2.37,2.3,2.37,2.1099,600085.0,0.0,1.0,VVR
2016-10-12,2.33,2.4,2.32,2.35,2.0921,618724.0,0.0,1.0,VVR
2016-10-11,2.31,2.35,2.3,2.33,2.0743,643121.0,0.0,1.0,VVR
2016-10-10,2.33,2.35,2.3,2.31,2.0565,387912.0,0.0,1.0,VVR
2016-10-09,2.35,2.38,2.32,2.35,2.0921,398243.0,0.0,1.0,VVR
2016-10-06,2.35,2.35,2.31,2.33,2.0743,509543.0,0.0,1.0,VVR
2016-10-05,2.34,2.36,2.32,2.34,2.0832,550158.0,0.0,1.0,VVR
2016-10-04,2.36,2.36,2.32,2.35,2.0921,1003801.0,0.0,1.0,VVR
2016-10-03,2.4,2.4,2.36,2.37,2.1099,553678.0,0.0,1.0,VVR
2016-10-02,2.45,2.45,2.4,2.41,2.1455,541954.0,0.0,1.0,VVR
2016-09-30,2.44,2.45,2.35,2.4,2.1366,2108430.0,0.0,1.0,VVR
2016-09-29,2.45,2.46,2.42,2.45,2.1812,736870.0,0.0,1.0,VVR
2016-09-28,2.48,2.48,2.43,2.44,2.1723,836834.0,0.0,1.0,VVR
2016-09-27,2.45,2.49,2.45,2.48,2.2079,794663.0,0.0,1.0,VVR
2016-09-26,2.41,2.465,2.4,2.46,2.1901,971402.0,0.0,1.0,VVR
2016-09-23,2.4,2.44,2.4,2.42,2.1544,401574.0,0.0,1.0,VVR
2016-09-22,2.36,2.43,2.36,2.4,2.1366,1195698.0,0.0,1.0,VVR
2016-09-21,2.34,2.36,2.34,2.35,2.0921,473509.0,0.0,1.0,VVR
2016-09-20,2.4,2.4,2.32,2.34,2.0832,900770.0,0.0,1.0,VVR
2016-09-19,2.4,2.41,2.37,2.37,2.1099,33702.0,0.0,1.0,VVR
2016-09-16,2.41,2.43,2.36,2.37,2.1099,1429098.0,0.0,1.0,VVR
2016-09-15,2.42,2.42,2.37,2.39,2.1277,979641.0,0.0,1.0,VVR
2016-09-14,2.42,2.43,2.4,2.43,2.1634,1034827.0,0.0,1.0,VVR
2016-09-13,2.39,2.45,2.38,2.43,2.1634,841850.0,0.0,1.0,VVR
2016-09-12,2.44,2.44,2.32,2.36,2.101,1666211.0,0.0,1.0,VVR
2016-09-09,2.48,2.5,2.45,2.45,2.1812,1186997.0,0.0,1.0,VVR
2016-09-08,2.5,2.51,2.49,2.5,2.2257,923118.0,0.0,1.0,VVR
2016-09-07,2.53,2.55,2.49,2.5,2.2257,1660315.0,0.0,1.0,VVR
2016-09-06,2.54,2.55,2.525,2.53,2.2524,484831.0,0.0,1.0,VVR
2016-09-05,2.54,2.55,2.52,2.54,2.2613,465125.0,0.0,1.0,VVR
2016-09-02,2.5,2.54,2.5,2.53,2.2524,637305.0,0.0,1.0,VVR
2016-09-01,2.51,2.53,2.5,2.53,2.2524,360995.0,0.0,1.0,VVR
2016-08-31,2.5,2.54,2.49,2.54,2.2613,642751.0,0.0,1.0,VVR
2016-08-30,2.53,2.54,2.49,2.52,2.2435,1042488.0,0.0,1.0,VVR
2016-08-29,2.54,2.56,2.51,2.52,2.2435,1697533.0,0.0,1.0,VVR
2016-08-26,2.55,2.56,2.52,2.53,2.2524,928016.0,0.0,1.0,VVR
2016-08-25,2.57,2.58,2.55,2.55,2.2702,617037.0,0.0,1.0,VVR
2016-08-24,2.53,2.58,2.53,2.58,2.2969,708816.0,0.0,1.0,VVR
2016-08-23,2.54,2.55,2.515,2.53,2.2524,1707956.0,0.0,1.0,VVR
2016-08-22,2.58,2.58,2.54,2.54,2.2613,1845462.0,0.0,1.0,VVR
2016-08-19,2.56,2.58,2.56,2.57,2.288,2407209.0,0.0,1.0,VVR
2016-08-18,2.57,2.58,2.56,2.57,2.288,1503352.0,0.0,1.0,VVR
2016-08-17,2.59,2.59,2.53,2.56,2.2791,3302340.0,0.0,1.0,VVR
2016-08-16,2.59,2.6,2.57,2.59,2.3058,2549000.0,0.0,1.0,VVR
2016-08-15,2.52,2.59,2.52,2.57,2.288,2486557.0,0.0,1.0,VVR
2016-08-12,2.5,2.55,2.5,2.52,2.2435,5522567.0,0.0,1.0,VVR
2016-08-11,2.5,2.5,2.47,2.49,2.2168,3290261.0,0.0,1.0,VVR
2016-08-10,2.54,2.63,2.51,2.51,2.2346,2897082.0,0.0,1.0,VVR
2016-08-09,2.55,2.62,2.54,2.57,2.288,1762044.0,0.0,1.0,VVR
2016-08-08,2.57,2.58,2.54,2.58,2.2969,5008572.0,0.0,1.0,VVR
2016-08-05,2.59,2.6,2.52,2.54,2.2613,12295121.0,0.0,1.0,VVR
2016-08-04,2.59,2.62,2.58,2.6,2.3147,30925070.0,0.0,1.0,VVR
2016-08-03,2.5,2.56,2.46,2.56,2.2791,45691790.0,0.0,1.0,VVR
2018-12-18,2.22,2.23,2.185,2.19,2.19,1119158.0,0.0,1.0,VVR
2018-12-16,2.22,2.22,2.2,2.21,2.21,1608223.0,0.0,1.0,VVR
